Position,Company,Location,URL
라인프렌즈 2022년 각 부문 수시의 전체 세부 정보,라인프렌즈,서울 용산구,https://kr.indeed.com/rc/clk?jk=1015284880e2ff62&fccid=b6f22bcb6078a2c4&vjs=3
데이터 분석 전문가의 전체 세부 정보,에스케이텔레콤,서울 중구,https://kr.indeed.com/rc/clk?jk=177e0e206497cc18&fccid=ce2f0f28b40a5be8&vjs=3
[일 7시간] PHP 웹 백엔드 개발자의 전체 세부 정보,위마크,성남 분당구,https://kr.indeed.com/rc/clk?jk=486545db83b2e5d2&fccid=04384b0a434f847b&vjs=3
영상처리  컴퓨터 비전 전문가 (신입/경력)의 전체 세부 정보,에바,성남 수정구,https://kr.indeed.com/rc/clk?jk=2642a83874ea6bab&fccid=5cc87f5890bd7170&vjs=3
프론트엔드(신입) 개발자 /충주의 전체 세부 정보,서울소프트,충청북도 충주,https://kr.indeed.com/rc/clk?jk=91675c17d1d0dbd8&fccid=97afd8ba47455ffe&vjs=3
[TmaxGroup/OS] OS 연구원의 전체 세부 정보,티맥스소프트,성남 분당구,https://kr.indeed.com/rc/clk?jk=a233a732dd447085&fccid=445576e2a7ced0d6&vjs=3
ML/DL Data Scientist의 전체 세부 정보,현대카드 캐피탈,서울 영등포구,https://kr.indeed.com/rc/clk?jk=8d82ffc3587320ea&fccid=fcc6d6b229369ff5&vjs=3
Kafka 담당자 영입의 전체 세부 정보,카카오페이,성남 분당구,https://kr.indeed.com/rc/clk?jk=97e9de2381da633d&fccid=c3aa6121be03065c&vjs=3
언어이해(NLU) 기술 전문가의 전체 세부 정보,에스케이텔레콤,서울 종로구,https://kr.indeed.com/rc/clk?jk=cf50bdb811474442&fccid=ce2f0f28b40a5be8&vjs=3
[정규직] 2022년 소프트웨어 연구개발 신입/경력 사원의 전체 세부 정보,스카이시스,울산 북구,https://kr.indeed.com/rc/clk?jk=9f50e72b1130520d&fccid=c182093a93404981&vjs=3
[기술본부] 데이터거버넌스 엔지니어의 전체 세부 정보,Nexon,경기도 성남,https://kr.indeed.com/rc/clk?jk=d37ee1c76b41a9aa&fccid=aba87288e4cc3687&vjs=3
Data Engineering 분야 개발자의 전체 세부 정보,에스케이텔레콤,서울 중구,https://kr.indeed.com/rc/clk?jk=6ca0656d7bc91045&fccid=ce2f0f28b40a5be8&vjs=3
2022년 양자 ICT 분야 포닥 펠로우십 연구원 공개의 전체 세부 정보,한국지능정보사회진흥원,서울 중구,https://kr.indeed.com/rc/clk?jk=7cd241dca2cccaec&fccid=40802c004429d453&vjs=3
AI개발 및 고도화  연구 업무의 전체 세부 정보,플루언트,서울 강남구,https://kr.indeed.com/rc/clk?jk=c1d56b0d49e1958c&fccid=8fd103d8370e171f&vjs=3
SCM혁신 신입/경력 사원 공개채용의 전체 세부 정보,유한킴벌리,서울 신천동,https://kr.indeed.com/rc/clk?jk=c759fe51adbc3ea1&fccid=b946e043e6327409&vjs=3
Senior Open Source Developer & DevOps (Python  Django  React  AWS/OpenStack),OpenCraft,Anywhere in the World,https://weworkremotely.com/remote-jobs/opencraft-senior-open-source-developer-devops-python-django-react-aws-openstack
(Senior) Python Full Stack Software Developer,Optimile,Europe Only,https://weworkremotely.com/remote-jobs/optimile-senior-python-full-stack-software-developer
Python / PHP Senior Developer for Ambitious Startup,Soundsnap/ Beatopia,Europe Only,https://weworkremotely.com/remote-jobs/soundsnap-beatopia-python-php-senior-developer-for-ambitious-startup
Senior Software Engineer  Python,AssemblyAI (YC 17),Anywhere in the World,https://weworkremotely.com/remote-jobs/assemblyai-yc-17-senior-software-engineer-python
Senior Backend Engineer - Python,TheoremOne  LLC,Anywhere in the World,https://weworkremotely.com/remote-jobs/theoremone-llc-senior-backend-engineer-python
Senior Python Developer - Full Remote ,Ebury,Latin America Only/Europe Only,https://weworkremotely.com/remote-jobs/ebury-senior-python-developer-full-remote-1
Python Developer - Remote,UpStack Technologies  Inc.,Americas Only/Europe Only,https://weworkremotely.com/remote-jobs/upstack-technologies-inc-python-developer-remote
Senior Backend Engineer (Python),TestGorilla,Anywhere in the World,https://weworkremotely.com/remote-jobs/testgorilla-senior-backend-engineer-python-7
Backend Engineer (Python),TestGorilla,Anywhere in the World,https://weworkremotely.com/remote-jobs/testgorilla-backend-engineer-python-6
Python Developer,Lemon.io,Latin America Only/Europe Only,https://weworkremotely.com/remote-jobs/lemon-io-python-developer-1
Senior Back End Developer (Python) - [Remote],EventMobi,Anywhere in the World,https://weworkremotely.com/remote-jobs/eventmobi-senior-back-end-developer-python-remote
Python Platform Engineer,Doximity,Americas Only,https://weworkremotely.com/remote-jobs/doximity-python-platform-engineer
Backend Engineer - Integrations (Python),Cerity Partners LLC,USA Only,https://weworkremotely.com/remote-jobs/cerity-partners-llc-backend-engineer-integrations-python
Software Development Engineer in Test – Python – Cyprus  Greece or Remote ,XM,Anywhere in the World,https://weworkremotely.com/remote-jobs/xm-software-development-engineer-in-test-python-cyprus-greece-or-remote-1
Senior QA Software Test Automation Engineer – Python – Cyprus  Greece  Remote ,XM,Anywhere in the World,https://weworkremotely.com/remote-jobs/xm-senior-qa-software-test-automation-engineer-python-cyprus-greece-remote-1
